checked_at,leg,origin,dest,departure,arrival,airline,price,google,kiwi
2026-09-27T16:43+03:00,outbound,GZT,ESB,2026-11-02 04:50,2026-11-02 06:05,AJet,2200,2200,2701
2026-09-27T16:43+03:00,outbound,GZT,ESB,2026-11-02 21:20,2026-11-02 22:35,AJet,2200,2200,2701
2026-09-27T16:43+03:00,outbound,GZT,ESB,2026-11-02 09:45,2026-11-02 11:00,AJet,2400,2400,2914
2026-09-27T16:43+03:00,return,ESB,GZT,2026-11-03 19:25,2026-11-03 20:40,AJet,2214,2214,2716
2026-09-27T16:43+03:00,return,ESB,GZT,2026-11-03 07:50,2026-11-03 09:05,AJet,2214,2214,2716
2026-09-27T16:43+03:00,return,ESB,GZT,2026-11-03 23:50,2026-11-04 01:05,AJet,2214,2214,2716
2026-09-27T16:43+03:00,outbound,GZT,ESB,2026-11-03 04:50,2026-11-03 06:05,AJet,2200,2200,2701
2026-09-27T16:43+03:00,outbound,GZT,ESB,2026-11-03 09:45,2026-11-03 11:00,AJet,2200,2200,2701
2026-09-27T16:43+03:00,outbound,GZT,ESB,2026-11-03 21:20,2026-11-03 22:35,AJet,2200,2200,2701
2026-09-27T19:53+03:00,outbound,GZT,ESB,2026-11-02 21:20,2026-11-02 22:35,AJet,2200,2200,2701
2026-09-27T19:53+03:00,outbound,GZT,ESB,2026-11-02 04:50,2026-11-02 06:05,AJet,2200,2200,2701
2026-09-27T19:53+03:00,outbound,GZT,ESB,2026-11-02 09:45,2026-11-02 11:00,AJet,2400,2400,2914
2026-09-27T19:53+03:00,return,ESB,GZT,2026-11-03 07:50,2026-11-03 09:05,AJet,2214,2214,2716
2026-09-27T19:53+03:00,return,ESB,GZT,2026-11-03 19:25,2026-11-03 20:40,AJet,2214,2214,2716
2026-09-27T19:53+03:00,return,ESB,GZT,2026-11-03 23:50,2026-11-04 01:05,AJet,2214,2214,2716
2026-09-27T19:53+03:00,outbound,GZT,ESB,2026-11-03 09:45,2026-11-03 11:00,AJet,2200,2200,2701
2026-09-27T19:53+03:00,outbound,GZT,ESB,2026-11-03 21:20,2026-11-03 22:35,AJet,2200,2200,2701
2026-09-27T19:53+03:00,outbound,GZT,ESB,2026-11-03 04:50,2026-11-03 06:05,AJet,2200,2200,2701
